Category: All categories,
,
Month,chink: (Montana)
2013-01,0
2013-02,0
2013-03,0
2013-04,53
2013-05,0
2013-06,61
2013-07,56
2013-08,54
2013-09,52
2013-10,0
2013-11,0
2013-12,0
2014-01,46
2014-02,51
2014-03,0
2014-04,0
2014-05,0
2014-06,0
2014-07,84
2014-08,0
2014-09,52
2014-10,0
2014-11,0
2014-12,51
2015-01,0
2015-02,0
2015-03,48
2015-04,48
2015-05,48
2015-06,51
2015-07,73
2015-08,61
2015-09,0
2015-10,42
2015-11,43
2015-12,42
2016-01,39
2016-02,81
2016-03,0
2016-04,80
2016-05,53
2016-06,84
2016-07,82
2016-08,0
2016-09,0
2016-10,75
2016-11,38
2016-12,71
2017-01,33
2017-02,36
2017-03,0
2017-04,0
2017-05,37
2017-06,0
2017-07,0
2017-08,34
2017-09,34
2017-10,34
2017-11,100
2017-12,33
2018-01,0
2018-02,33
2018-03,0
2018-04,0
2018-05,0
2018-06,33
2018-07,0
2018-08,32
2018-09,33
2018-10,32
2018-11,0
2018-12,33